company_name,company_link
JPMorgan Chase & Co.,https://www.jpmorganchase.com/
Bank of America Corp.,http://www.bankofamerica.com/
"JPMorgan Chase Bank, National Association",https://www.jpmorganchase.com/
"Wells Fargo Bank, National Association",https://www.wellsfargo.com/
"Bank of America, National Association",https://www.bankofamerica.com/
Citigroup Inc.,https://www.citigroup.com/
"Citibank, N.A.",https://online.citi.com/
Wells Fargo & Company,https://www.wellsfargo.com/
Wachovia Corporation,https://www.wellsfargo.com/
"PNC Financial Services Group, Inc.",https://www.pnc.com/
"PNC Bank, National Association",https://www.pnc.com/
U.S. Bancorp,https://www.usbank.com/
Bank of New York Mellon,http://www.bnymellon.com/
"Capital One, National Association",https://www.capitalone.com/
"PNC Bancorp, Inc.",https://www.pnc.com/
U.S. Bank National Association,https://www.usbank.com/
"TD Bank, N.A.",https://www.tdbank.com/
Citicorp LLC,https://www.bloomberg.com/
TD Group US Holdings LLC,https://www.tdbank.com/
State Street Bank and Trust Company,http://www.statestreet.com/
BB&T Corporation,https://www.bbt.com/
"SunTrust Banks, Inc.",https://www.suntrust.com/
SunTrust Bank,https://www.suntrust.com/
Charles Schwab Bank,https://www.schwab.com/
Branch Banking and Trust Company,https://www.bbt.com/
"HSBC Bank USA, National Association",https://www.us.hsbc.com/
Barclays US LLC,https://www.ffiec.gov/
Goldman Sachs Bank USA,http://www.marcus.com/
MUFG Americas Holdings Corporation,https://www.mufgamericas.com/
HSBC North America Holdings Inc.,https://www.about.us.hsbc.com/
SunTrust Bank Holding Company,https://www.bloomberg.com/
"Citizens Financial Group, Inc.",https://www.citizensbank.com/
"Chase Bank USA, National Association",https://www.bloomberg.com/
"J.P. Morgan Equity Holdings, Inc.",https://www.bloomberg.com/
RBC USA Holdco Corporation,https://www.bloomberg.com/
Fifth Third Bank,https://www.53.com/
Fifth Third Financial Corporation,https://www.bloomberg.com/
Northern Trust Company,https://www.northerntrust.com/
"Credit Suisse Holdings (USA), Inc.",https://www.bloomberg.com/
KeyCorp,https://www.key.com/
Fifth Third Bancorp,https://www.53.com/
Ally Bank,https://www.ally.com/
DB USA Corporation,https://www.bloomberg.com/
"IB Finance Holding Company, LLC",https://www.bloomberg.com/
KeyBank National Association,https://www.key.com/
BMO Financial Corp.,https://www.bmo.com/
"Morgan Stanley Bank, National Association",https://www.bankrate.com/
"Santander Holdings USA, Inc.",https://www.santanderus.com/
"Capital One Bank (USA), National Association",https://www.capitalone.com/
M&T Bank Corporation,https://www.mtb.com/
"MUFG Union Bank, National Association",https://www.unionbank.com/
Regions Bank,https://www.regions.com/
Huntington Bancshares Incorporated,https://www.huntington.com/
Regions Financial Corporation,https://www.regions.com/
Huntington National Bank,https://www.huntington.com/
"BMO Harris Bank, National Association",https://www.bmoharris.com/
Discover Bank,http://www.discover.com/
"Citizens Bank, National Association",https://www.citizensbank.com/
Navy Federal Credit Union,https://www.navyfederal.org/
Manufacturers and Traders Trust Company,https://www.mtb.com/
BancWest Holding Inc.,https://www.bankofthewest.com/
Bank of the West,https://www.bankofthewest.com/
Compass Bank,http://www.bbvacompass.com/
Comerica Bank,https://www.comerica.com/
Comerica Incorporated,https://www.comerica.com/
"BBVA Compass Bancshares, Inc.",https://www.bbvacompass.com/
First Republic Bank,https://www.firstrepublic.com/
USAA Federal Savings Bank,http://www.usaa.com/
Synchrony Bank,https://www.mysynchrony.com/
Zions Bancorporation,http://www.zionsbancorp.com/
"Santander Bank, N.A.",https://www.santanderbank.com/
"Morgan Stanley Private Bank, National Association",https://www.morganstanley.com/
"ZB, National Association",https://www.bloomberg.com/
"American Express Bank, FSB",https://www.americanexpress.com/
UBS Bank USA,http://www.ubs.com/
SVB Financial Group,https://www.svb.com/
Silicon Valley Bank,https://www.svb.com/
CIT Group Inc.,https://www.cit.com/
E*TRADE Bank,https://us.etrade.com/
City National Bank,https://www.cnb.com/
"Popular, Inc.",https://www.popular.com/
New York Community Bank,https://www.mynycb.com/
"ETB Holdings, Inc.",https://www.bloomberg.com/
"People's United Financial, Inc.",https://www.peoples.com/
"Commerce Bank, National Association",https://www.bloomberg.com/
"People's United Bank, National Association",https://www.peoples.com/
Deutsche Bank Trust Company Americas,https://www.db.com/
Signature Bank,https://www.signatureny.com/
"New York Community Bancorp, Inc.",https://www.mynycb.com/
First Horizon National Corporation,http://www.firsthorizon.com/
"First Tennessee Bank, National Association",https://www.firsttennessee.com/
Banco Popular de Puerto Rico,https://www.popular.com/
Citizens Bank of Pennsylvania,https://www.citizensbank.com/
East West Bank,https://www.eastwestbank.com/
CIBC Bancorp USA Inc.,https://us.cibc.com/
"CIT Bank, National Association",https://www.bankoncit.com/
"East West Bancorp, Inc.",https://www.eastwestbank.com/
Mizuho Americas LLC,https://www.mizuho-fg.com/
"First Citizens BancShares, Inc.",https://www.firstcitizens.com/
First-Citizens Bank & Trust Company,https://www.firstcitizens.com/
State Employees' Credit Union,https://www.ncsecu.org/
Barclays Group US Inc.,https://www.bloomberg.com/
BOK Financial Corporation,http://investor.bokf.com/
F.N.B. Corporation,https://www.fnb-online.com/
Synovus Financial Corp.,https://www.synovus.com/
First National Bank of Pennsylvania,https://www.fnb-online.com/
"BOKF, National Association",https://www.bloomberg.com/
Associated Banc-Corp,https://www.associatedbank.com/
"Cullen/Frost Bankers, Inc.",https://www.frostbank.com/
Frost Bank,https://www.frostbank.com/
"Associated Bank, National Association",https://www.associatedbank.com/
Sterling Bancorp,http://www.sterlingbancorp.com/
Synovus Bank,https://www.synovus.com/
"BankUnited, Inc.",https://www.bankunited.com/
Sterling National Bank,https://www.snb.com/
Hancock Whitney Bank,https://www.hancockwhitney.com/
Wintrust Financial Corporation,http://www.wintrust.com/
"BankUnited, National Association",https://www.bankunited.com/
IBERIABANK,https://www.iberiabank.com/
"Webster Bank, National Association",https://public.websteronline.com/
"TIAA FSB Holdings, Inc.",http://www.nasdaq.com/
IBERIABANK Corporation,https://www.iberiabank.com/
CIBC Bank USA,https://us.cibc.com/
Webster Financial Corporation,https://public.websteronline.com/
Umpqua Bank,https://www.umpquabank.com/
"Investors Bancorp, Inc.",https://www.myinvestorsbank.com/
Investors Bank,https://www.myinvestorsbank.com/
Umpqua Holdings Corporation,https://en.wikipedia.org/
"Commerce Bancshares, Inc.",https://en.wikipedia.org/
Pacific Western Bank,https://www.pacificwesternbank.com/
"Utrecht-America Holdings, Inc.",https://www.bloomberg.com/
Commerce Bank,https://www.commercebank.com/
"CBI-Kansas, Inc.",https://www.bloomberg.com/
PacWest Bancorp,http://www.pacwestbancorp.com/
"Texas Capital Bank, National Association",https://www.texascapitalbank.com/
Valley National Bancorp,https://www.valleynationalbank.com/
Valley National Bank,https://www.valleynationalbank.com/
"TD Bank USA, National Association",https://www.bloomberg.com/
"Texas Capital Bancshares, Inc.",https://www.texascapitalbank.com/
TCF National Bank,https://www.tcfbank.com/
"Prosperity Bancshares, Inc.",https://www.prosperitybankusa.com/
Pentagon Federal Credit Union,https://www.penfed.org/
IMB HoldCo LLC,https://www.bloomberg.com/
"Pinnacle Financial Partners, Inc.",https://www.pnfp.com/
"Raymond James Bank, National Association",http://www.raymondjamesbank.com/
Pinnacle Bank,https://www.pinnbank.com/
"UMB Bank, National Association",https://www.umb.com/
UMB Financial Corporation,https://www.umb.com/
First Hawaiian Bank,https://www.fhb.com/
Sallie Mae Bank,https://www.salliemae.com/
Bank of the Ozarks,https://www.ozk.com/
"First Hawaiian, Inc.",http://ir.fhb.com/
TCF Financial Corporation,https://www.tcfbank.com/
Prosperity Bank,https://www.prosperitybankusa.com/
"First National of Nebraska, Inc.",http://www.fnni.com/
Western Alliance Bank,https://www.westernalliancebancorporation.com/
Chemical Bank,https://www.chemicalbank.com/
Fulton Financial Corporation,http://www.fult.com/
"MB Financial Bank, National Association",https://www.mbfinancial.com/
Chemical Financial Corporation,https://www.chemicalbank.com/
"Bank of America California, National Association",https://www.bloomberg.com/
Western Alliance Bancorporation,https://www.westernalliancebancorporation.com/
First National Bank of Omaha,https://www.firstnational.com/
"United Bankshares, Inc.",https://www.ubsi-inc.com/
"MB Financial, Inc.",https://www.mbfinancial.com/
United Bank,https://www.bankwithunited.com/
Boeing Employees Credit Union,https://www.becu.org/
FirstBank Holding Company,https://www.efirstbank.com/
FirstBank,https://www.efirstbank.com/
Old National Bank,https://www.oldnational.com/
Bank of Hawaii Corporation,https://www.boh.com/
Old National Bancorp,https://www.oldnational.com/
"Arvest Holdings, Inc.",http://www.bloomberg.com/
"State Farm Bank, FSB",https://www.statefarm.com/
"Flagstar Bancorp, Inc.",https://www.flagstar.com/
"Arvest Bank Group, Inc.",https://www.arvest.com/
"Flagstar Bank, FSB",https://www.flagstar.com/
Bank of Hawaii,https://www.boh.com/
Cathay Bank,https://www.cathaybank.com/
Arvest Bank,https://www.arvest.com/
Cathay General Bancorp,https://www.cathaybank.com/
"Washington Federal, Inc.",https://www.washingtonfederal.com/
BancorpSouth Bank,https://www.bancorpsouth.com/
"Washington Federal, National Association",https://www.washingtonfederal.com/
Stifel Bank and Trust,http://www.stifelbank.com/
Simmons First National Corporation,https://simmonsbank.com/
Midland Financial Co.,https://www.midfirst.com/
"BancorpSouth, Inc.",https://www.bancorpsouth.com/
South State Corporation,https://www.southstatebank.com/
Astoria Financial Corporation,https://www.astoriabank.com/
MidFirst Bank,https://www.midfirst.com/
Centennial Bank,https://www.my100bank.com/
South State Bank,https://www.southstatebank.com/
Bank of Hope,https://www.bankofhope.com/
"Hope Bancorp, Inc.",http://www.ir-hopebancorp.com/
First Midwest Bank,https://www.firstmidwest.com/
"Home BancShares, Inc.",https://www.homebancshares.com/
"Rabobank, National Association",https://www.rabobankamerica.com/
"Third Federal Savings and Loan Association of Cleveland, MHC",https://www.thirdfederal.com/
"First Midwest Bancorp, Inc.",https://www.firstmidwest.com/
TFS Financial Corporation (MHC),http://ir.thirdfederal.com/
SchoolsFirst Federal Credit Union,https://www.schoolsfirstfcu.org/
Third Federal Savings and Loan Association of Cleveland (MHC),https://www.thirdfederal.com/
Apple Bank for Savings,https://www.applebank.com/
"Columbia Banking System, Inc.",https://www.columbiabank.com/
Hilltop Holdings Inc.,https://www.hilltop-holdings.com/
Trustmark Corporation,https://www.trustmark.com/
"Central Bancompany, Inc.",https://www.centralbank.net/
"Apple Financial Holdings, Inc.",https://www.bloomberg.com/
Trustmark National Bank,https://www.trustmark.com/
Columbia State Bank,https://www.columbiabank.com/
First BanCorp.,https://localfirstbank.com/
"First Interstate BancSystem, Inc.",https://www.firstinterstatebank.com/
International Bancshares Corporation,https://www.ibc.com/
First Interstate Bank,https://www.firstinterstatebank.com/
Bremer Financial Corporation,https://www.bremer.com/
"Great Western Bancorp, Inc.",http://ir.greatwesternbank.com/
"United Community Banks, Inc.",https://www.ucbi.com/
Great Western Bank,https://www.greatwesternbank.com/
United Community Bank,https://www.ucbi.com/
"Bremer Bank, National Association",https://www.bremer.com/
"Berkshire Hills Bancorp, Inc.",http://ir.berkshirebank.com/
FirstBank Puerto Rico,http://www.1firstbank.com/
Berkshire Bank,https://www.berkshirebank.com/
"Fulton Bank, National Association",https://www.fultonbank.com/
Golden 1 Credit Union,https://www.golden1.com/
First Technology Federal Credit Union,https://www.firsttechfed.com/
Eastern Bank Corporation,https://www.easternbank.com/
"Cadence Bank, N.A.",https://cadencebank.com/
"FCB Financial Holdings, Inc.",https://www.floridacommunitybank.net/
Cadence Bancorporation,https://cadencebank.com/
"Community Bank System, Inc.",https://www.communitybankna.com/
Eastern Bank,https://www.easternbank.com/
"Cadence Bancorp, LLC",https://cadencebank.com/
"Pinnacle Bancorp, Inc.",https://www.pinnbank.com/
"Banc of California, Inc.",https://bancofcal.com/
"Florida Community Bank, National Association",https://www.floridacommunitybank.net/
"Banc of California, National Association",https://bancofcal.com/
"Community Bank, National Association",https://www.communitybankna.com/
"BCI Financial Group, Inc.",https://bcifinancial.com/
City National Bank of Florida,https://citynationalcm.com/
Provident Bank,https://www.provident.bank/
"WesBanco, Inc.",https://www.wesbanco.com/
"Customers Bancorp, Inc.",https://www.customersbank.com/
"Heartland Financial USA, Inc.",https://www.htlf.com/
Customers Bank,https://www.customersbank.com/
Renasant Bank,https://www.renasantbank.com/
"WesBanco Bank, Inc.",https://www.wesbanco.com/
Renasant Corporation,http://www.renasant.com/
"Provident Financial Services, Inc.",https://www.provident.bank/
Banner Corporation,https://www.bannerbank.com/
"Glacier Bancorp, Inc.",http://www.glacierbancorp.com/
BMW Bank of North America,https://www.bmwusa.com/
Alliant Credit Union,https://www.alliantcreditunion.org/
Glacier Bank,https://www.glacierbank.com/
Security Service Federal Credit Union,https://www.ssfcu.org/
Simmons Bank,https://simmonsbank.com/
Northwest Bank,https://www.northwest.bank/
"Northwest Bancshares, Inc.",https://www.northwest.bank/
National Americas Holdings LLC,https://www.bloomberg.com/
Banner Bank,https://www.bannerbank.com/
First Merchants Corporation,https://www.firstmerchants.com/
PlainsCapital Corporation,https://www.plainscapital.com/
PlainsCapital Bank,https://www.plainscapital.com/
First Merchants Bank,https://www.firstmerchants.com/
Union Bankshares Corporation,http://investors.bankatunion.com/
"Discount Bancorp, Inc.",https://www.bloomberg.com/
Israel Discount Bank of New York,http://www.idbny.com/
NBT Bancorp Inc.,http://www.nbtbancorp.com/
"LegacyTexas Financial Group, Inc.",http://www.legacytexasfinancialgroup.com/
America First Federal Credit Union,https://www.amfirst.org/
Union Bank & Trust,https://www.bankatunion.com/
Popular Bank,https://www.popularbank.com/
LegacyTexas Bank,https://www.legacytexas.com/
"Capitol Federal Financial, Inc.",https://capfed.com/
Star One Credit Union,https://www.starone.org/
"NBT Bank, National Association",https://www.nbtbank.com/
First Financial Bancorp.,https://www.bankatfirst.com/
Capitol Federal Savings Bank,https://capfed.com/
BofI Federal Bank,https://www.bofifederalbank.com/
First Financial Bank,https://www.bankatfirst.com/
"BofI Holding, Inc.",https://www.bloomberg.com/
"Popular North America, Inc.",https://www.bloomberg.com/
TowneBank,https://www.townebank.com/
Randolph-Brooks Federal Credit Union,https://www.rbfcu.org/
Mercantil Bank Holding Corporation,https://www.bloomberg.com/
Suncoast Credit Union,https://www.suncoastcreditunion.com/
"Independent Bank Group, Inc.",https://www.bloomberg.com/
International Bank of Commerce,https://www.ibc.com/
Independent Bank,https://www.independentbank.com/
Mercantil Bank Florida Bancorp Inc.,https://www.bloomberg.com/
"Wells Fargo Bank South Central, National Association",https://www.bloomberg.com/
"Mercantil Bank, National Association",https://www.mercantilbank.com/
NexBank SSB,https://www.nexbank.com/
"Boston Private Financial Holdings, Inc.",https://www.bostonprivate.com/
"Dollar Bank, Federal Savings Bank",https://www.dollar.bank/
Safra National Bank of New York,http://www.safra.com/
Digital Federal Credit Union,https://www.dcu.org/
Boston Private Bank & Trust Company,https://www.bostonprivate.com/
San Diego County Credit Union,https://www.sdccu.com/
Safra New York Corporation,https://www.bloomberg.com/
"Optum Bank, Inc.",https://www.optumbank.com/
"NexBank Capital, Inc.",https://www.nexbank.com/
Mutual of Omaha Bank,https://www.mutualofomahabank.com/
Rockland Trust Company,https://www.rocklandtrust.com/
CVB Financial Corp.,https://www.cbbank.com/
Citizens Business Bank,https://www.cbbank.com/
Independent Bank Corp.,https://www.independentbank.com/
"Pacific Premier Bancorp, Inc.",https://www.ppbi.com/
Pacific Premier Bank,https://www.ppbi.com/
Bethpage Federal Credit Union,https://www.bethpagefcu.com/
Opus Bank,https://www.opusbank.com/
"Eagle Bancorp, Inc.",https://www.eaglebankcorp.com/
Ameris Bank,https://www.amerisbank.com/
Park National Bank,https://parknationalbank.com/
EagleBank,https://www.eaglebankcorp.com/
First Commonwealth Bank,https://www.fcbanking.com/
"First Financial Bankshares, Inc.",https://ffin.com/
First Busey Corporation,https://busey.com/
Park National Corporation,https://parknationalbank.com/
VyStar Credit Union,https://vystarcu.org/
First Commonwealth Financial Corporation,https://www.fcbanking.com/
Ameris Bancorp,https://www.amerisbank.com/
BancFirst Corporation,https://www.bancfirst.bank/
BancFirst,https://bancfirstonline.com/
Alaska USA Federal Credit Union,https://www.alaskausa.org/
"First Financial Bank, National Association",https://www.bankatfirst.com/
CenterState Bank Corporation,https://www.centerstatebank.com/
"United Financial Bancorp, Inc.",http://www.unitedfinancialinc.com/
"ServisFirst Bancshares, Inc.",https://www.servisfirstbank.com/
Nationwide Bank,https://www.nationwide.co.uk/
ServisFirst Bank,https://www.servisfirstbank.com/
Busey Bank,https://busey.com/
"CenterState Bank, National Association",https://www.centerstatebank.com/
Mountain America Federal Credit Union,https://www.macu.com/
"S&T Bancorp, Inc.",http://www.stbancorp.com/
S&T Bank,https://www.stbank.com/
Bank Leumi USA,https://www.leumiusa.com/
"ASB Hawaii, Inc.",https://www.asbhawaii.com/
"Wilmington Savings Fund Society, FSB",https://www.wsfsbank.com/
"Palomar Enterprises, LLC",https://www.bloomberg.com/
WSFS Financial Corporation,http://investors.wsfsbank.com/
Mizuho Bank (USA),https://www.mizuhobank.com/
Bank Leumi Le-Israel Corporation,https://www.bloomberg.com/
"American Savings Bank, F.S.B.",https://www.bloomberg.com/
"Brookline Bancorp, Inc.",https://www.brooklinebank.com/
American Airlines Federal Credit Union,https://www.aacreditunion.org/
Tompkins Financial Corporation,https://www.tompkinsfinancial.com/
HomeStreet Bank,https://www.homestreet.com/
"Southside Bancshares, Inc.",https://www.southside.com/
Southside Bank,https://www.southside.com/
"Dime Community Bancshares, Inc.",https://dime.com/
W.T.B. Financial Corporation,https://www.watrust.com/
Flushing Financial Corporation,https://www.flushingbank.com/
ESL Federal Credit Union,https://www.esl.org/
Washington Trust Bank,http://watrust.com/
First United Bank and Trust Company,https://www.firstunitedbank.com/
New York Private Bank & Trust Corporation,http://www.nypbt.com/
OFG Bancorp,http://www.ofgbancorp.com/
Dime Community Bank,https://dime.com/
Flushing Bank,https://www.flushingbank.com/
"Durant Bancorp, Inc.",http://www.bloomberg.com/
Emigrant Bank,https://www.emigrant.com/
FB Corporation,https://www.bloomberg.com/
Oriental Bank,https://orientalbank.com/
First Bank,https://www.firstbanks.com/
San Francisco Company,https://en.wikipedia.org/
"Beneficial Bancorp, Inc.",http://ir.thebeneficial.com/
Teachers Federal Credit Union,https://www.teachersfcu.org/
Patelco Credit Union,https://www.patelco.org/
1st Source Bank,https://www.1stsource.com/
1st Source Corporation,https://www.1stsource.com/
Citizens Equity First Credit Union,https://www.cefcu.com/
Beneficial Bank,https://www.thebeneficial.com/
Seacoast National Bank,https://www.seacoastbank.com/
Columbia Bank,https://www.columbiabank.com/
"Columbia Financial, Inc. (MHC)",https://www.prnewswire.com/
Columbia Bank MHC,https://www.columbiabankonline.com/
Seacoast Banking Corporation of Florida,http://www.seacoastbanking.com/
"EB Acquisition Company, LLC",https://www.bloomberg.com/
Luther Burbank Corporation,https://www.lutherburbanksavings.com/
Central Pacific Financial Corp.,https://www.centralpacificbank.com/
Delta Community Credit Union,https://www.deltacommunitycu.com/
First Bancorp,https://localfirstbank.com/
Luther Burbank Savings,https://www.lutherburbanksavings.com/
Westamerica Bancorporation,https://www.westamerica.com/
Central Pacific Bank,https://www.centralpacificbank.com/
Beal Bank USA,https://www.bealbank.com/
Mechanics Bank,https://www.mechanicsbank.com/
"Woodforest Financial Group, Inc.",https://www.bloomberg.com/
WestAmerica Bank,https://www.westamerica.com/
Sandy Spring Bank,https://www.sandyspringbank.com/
"Sandy Spring Bancorp, Inc.",https://www.sandyspringbank.com/
First Security Bancorp,http://www.fsbancorp.com/
"Lakeland Bancorp, Inc.",https://www.lakelandbank.com/
MetaBank,https://www.metabank.com/
"Meta Financial Group, Inc.",https://www.metafinancialgroup.com/
"OceanFirst Bank, National Association",https://www.oceanfirstonline.com/
OceanFirst Financial Corp.,https://www.oceanfirstonline.com/
Lakeland Bank,https://www.lakelandbank.com/
Ridgewood Savings Bank,https://www.ridgewoodbank.com/
Woodforest National Bank,https://www.woodforest.com/
East Boston Savings Bank,https://www.ebsb.com/
Enterprise Financial Services Corp,https://www.enterprisebank.com/
Lake Michigan Credit Union,http://www.lmcu.org/
Hanmi Financial Corporation,https://www.hanmi.com/
Logix Federal Credit Union,https://olb.logixbanking.com/
Hanmi Bank,https://www.hanmi.com/
First Security Bank,https://www.fsbank.com/
INTRUST Financial Corporation,https://www.intrustbank.com/
OnPoint Community Credit Union,https://www.onpointcu.com/
"INTRUST Bank, National Association",https://www.intrustbank.com/
Enterprise Bank & Trust,https://www.enterprisebank.com/
United Nations Federal Credit Union,https://www.unfcu.org/
Santander BanCorp,https://www.bloomberg.com/
ConnectOne Bank,https://www.connectonebank.com/
"Meridian Bancorp, Inc.",https://www.ebsb.com/
Pennsylvania State Employees Credit Union,https://www.psecu.com/
"Republic Bancorp, Inc.",https://republicbank.com/
Banco Santander Puerto Rico,https://www.santander.pr/
"ConnectOne Bancorp, Inc.",https://www.connectonebank.com/
Ent Credit Union,https://www.ent.com/
Republic Bank & Trust Company,https://republicbank.com/
"Wilmington Trust, National Association",https://www.wilmingtontrust.com/
Redstone Federal Credit Union,https://www.redfcu.org/
State Bank Financial Corporation,https://www.statebt.com/
State Bank and Trust Company,https://www.statebt.com/
National Bank Holdings Corporation,https://www.nationalbankholdings.com/
Kearny Bank,https://www.kearnybank.com/
TrustCo Bank Corp NY,https://www.trustcobank.com/
Police and Fire Federal Credit Union,https://www.pffcu.org/
TrustCo Bank,https://www.trustcobank.com/
Bank-Fund Staff Federal Credit Union,https://www.bfsfcu.org/
"State Bankshares, Inc.",https://www.bloomberg.com/
Kearny Financial Corp.,https://www.kearnybank.com/
"Century Bancorp, Inc.",https://www.centurybank.com/
"Johnson Financial Group, Inc.",https://www.johnsonbank.com/
Century Bank and Trust Company,https://www.centurybankandtrust.com/
Bell Bank,https://www.bellbanks.com/
Tri Counties Bank,https://www.tcbk.com/
NBH Bank,https://www.nbhbank.com/
FB Financial Corporation,https://investors.firstbankonline.com/
Wintrust Bank,https://www.wintrustbank.com/
"Bancorp, Inc.",http://www.thebancorp.com/
"TriState Capital Holdings, Inc.",https://www.tristatecapitalbank.com/
TriState Capital Bank,https://www.tristatecapitalbank.com/
Liberty Bank,https://www.liberty-bank.com/
Johnson Bank,https://www.johnsonbank.com/
Bancorp Bank,https://www.thebancorp.com/
Salem Five Bancorp,https://www.salemfive.com/
University of Iowa Community Credit Union,https://www.uiccu.org/
Salem Five Cents Savings Bank,https://www.salemfive.com/
TriCo Bancshares,https://www.tcbk.com/
Middlesex Savings Bank,https://www.middlesexbank.com/
Lake City Bank,https://www.lakecitybank.com/
Lakeland Financial Corporation,https://www.snl.com/
DFCU Financial,https://www.dfcufinancial.com/
Fidelity Southern Corporation,https://lionbank.com/
Fidelity Bank,https://www.lionbank.com/
Wings Financial Credit Union,https://www.wingsfinancial.com/
First Foundation Inc.,https://firstfoundationinc.com/
First Foundation Bank,https://firstfoundationinc.com/
"Washington Trust Bancorp, Inc.",https://www.washtrust.com/
Univest Corporation of Pennsylvania,https://www.univest.net/
Univest Bank and Trust Co.,https://www.univest.net/
"RBC Bank (Georgia), National Association",https://www.rbcbank.com/
Hudson Valley Federal Credit Union,https://www.hvfcu.org/
"Middlesex Bancorp, MHC",https://www.bloomberg.com/
Washington Trust Company of Westerly,https://www.washtrust.com/
Bryn Mawr Bank Corporation,https://www.bmtc.com/
"Bridge Bancorp, Inc.",https://www.bnbbank.com/
BTC Financial Corporation,https://www.bankerstrust.com/
Bryn Mawr Trust Company,https://www.bmtc.com/
Bankers Trust Company,https://www.bankerstrust.com/
BNB Bank,https://www.bnbbank.com/
Desert Financial Federal Credit Union,https://www.desertfinancial.com/
ITT Federal Bank FSB,http://www.bloomberg.com/
"Green Bancorp, Inc.",https://www.greenbank.com/
Peapack-Gladstone Financial Corporation,https://www.pgbank.com/
E*TRADE Savings Bank,https://us.etrade.com/
Peapack-Gladstone Bank,https://www.pgbank.com/
Great Southern Bank,https://www.greatsouthernbank.com/
"Midland States Bancorp, Inc.",https://www.midlandsb.com/
"Great Southern Bancorp, Inc.",https://www.greatsouthernbank.com/
Vizo Financial Corporate Credit Union,https://www.vfccu.org/
Brookline Bank,https://www.brooklinebank.com/
"Green Bank, National Association",https://www.greenbank.com/
"Origin Bancorp, Inc.",https://www.origin.bank/
Midland States Bank,https://www.midlandsb.com/
"Community Trust Bancorp, Inc.",https://www.ctbi.com/
Kinecta Federal Credit Union,https://www.kinecta.org/
Community & Southern Bank,https://www.businesswire.com/
Scotiabank de Puerto Rico,https://pr.scotiabank.com/
Oritani Financial Corp.,http://investor.oritani.com/
Oritani Bank,https://www.oritani.com/
"Community Trust Bank, Inc.",https://www.ctbi.com/
Heritage Financial Corporation,http://www.hf-wa.com/
Origin Bank,https://www.origin.bank/
Carter Bank & Trust,https://www.carterbankandtrust.com/
Heritage Bank,https://www.heritage.com.au/
City Holding Company,https://www.bankatcity.com/
City National Bank of West Virginia,https://bankatcity.com/
Five Star Bank,https://www.five-starbank.com/
State Farm Federal Credit Union,https://www.statefarmfcu.com/
Amalgamated Bank,https://www.amalgamatedbank.com/
Redwood Credit Union,https://www.redwoodcu.org/
Fulton Bank of New Jersey,https://www.fultonbanknj.com/
Camden National Bank,https://www.camdennational.com/
"Wright-Patt Credit Union, Inc.",https://www.wpcu.coop/
"Financial Institutions, Inc.",http://www.snl.com/
Eastman Credit Union,https://www.ecu.org/
Camden National Corporation,https://www.camdennational.com/
BellCo Credit Union,https://www.bellco.org/
Visions Federal Credit Union,https://www.visionsfcu.org/
Space Coast Credit Union,https://www.sccu.com/
"Northfield Bancorp, Inc.",https://www.enorthfield.com/
Northfield Bank,https://www.enorthfield.com/
Fremont Bancorporation,https://www.fremontbank.com/
"Amarillo National Bancorp, Inc.",https://www.anb.com/
Fremont Bank,https://www.fremontbank.com/
Horizon Bank,https://www.horizonbank.com/
"First Bancshares, Inc.",https://www.thefirstbank.com/
First of Long Island Corporation,https://www.fnbli.com/
"QCR Holdings, Inc.",http://www.snl.com/
Centier Bank,https://www.centier.com/
CoBiz Financial Inc.,http://cobizfinancial.com/
Michigan State University Federal Credit Union,https://www.msufcu.org/
"Horizon Bancorp, Inc.",https://www.horizonbank.com/
Amarillo National Bank,https://www.anb.com/
"Farmers & Merchants Investment, Inc.",https://www.bloomberg.com/
"Franklin Financial Network, Inc.",https://www.bloomberg.com/
Franklin Synergy Bank,https://www.franklinsynergybank.com/
Union Bank and Trust Company,https://www.ubt.com/
Members 1st Federal Credit Union,https://www.members1st.org/
Preferred Bank,https://www.preferredbank.com/
First National Bank of Long Island,https://www.fnbli.com/
"Bangor Bancorp, MHC",https://bangor.com/
Bangor Savings Bank,http://www.bangor.com/
First American Bank Corporation,https://www.firstambank.com/
Community Bank,https://www.communitybankna.com/
First American Bank,https://www.firstambank.com/
"Ocean Bankshares, Inc.",https://www.oceanbank.com/
Ocean Bank,https://www.oceanbank.com/
Guaranty Bancorp,http://www.gbnk.com/
Tinker Federal Credit Union,https://www.tinkerfcu.org/
Guaranty Bank and Trust Company,https://www.guarantybankco.com/
Bank of Colorado,https://www.bankofcolorado.com/
"Sunflower Bank, National Association",https://www.sunflowerbank.com/
CoBiz Bank,https://www.cobizbank.com/
Cambridge Savings Bank,https://www.cambridgesavings.com/
FirstSun Capital Bancorp,https://www.bloomberg.com/
First National Bank Alaska,https://www.fnbalaska.com/
New York Commercial Bank,https://www.newyorkcommercialbank.com/
"Broadway Bancshares, Inc.",https://broadway.bank/
"Cambridge Financial Group, Inc.",http://www.cfginc.net/
Broadway National Bank,https://broadway.bank/
Landmark Credit Union,https://www.landmarkcu.com/
"Broadway Bancshares of Delaware, Inc.",https://www.bloomberg.com/
Midamerica Financial Corporation,https://www.bloomberg.com/
Peoples Bancorp Inc.,https://www.peoplesbancorp.com/
American National Corporation,https://www.americannational.com/
Peoples Bank,https://www.peoplesbank.lk/
American National Bank,https://american.bank/
Bar Harbor Bankshares,https://www.bhbt.com/
Bar Harbor Bank & Trust,https://www.bhbt.com/
"Lake Forest Bank & Trust Company, National Association",http://www.lakeforestbank.com/
Veridian Credit Union,https://www.veridiancu.org/
Stockman Financial Corporation,https://www.bloomberg.com/
"Hometown Community Bancorp, Inc.",https://www.bloomberg.com/
Stockman Bank of Montana,https://www.stockmanbank.com/
Carolina Financial Corporation,https://finance.yahoo.com/
CresCom Bank,https://www.haveanicebank.com/
Merrick Bank Corporation,https://merrickbank.com/
State Employees Federal Credit Union,https://www.ncsecu.org/
"Triumph Bancorp, Inc.",https://www.triumphbancorp.com/
"Olney Bancshares of Texas, Inc.",https://www.interbank.com/
InterBank,https://www.interbank.com/
"Virginia Credit Union, Inc.",https://www.vacu.org/
Alpine Banks of Colorado,https://www.alpinebank.com/
Morton Community Bank,https://www.hometownbanks.com/
Idaho Central Credit Union,https://www.iccu.com/
Alpine Bank,https://www.alpinebank.com/
"Happy Bancshares, Inc.",https://www.bloomberg.com/
"Bessemer Group, Incorporated",http://www.bessemertrust.com/
Merchants Bancorp,https://www.merchantsbankofindiana.com/
"TBK Bank, SSB",https://www.tbkbank.com/
Merchants Bank of Indiana,https://www.merchantsbankofindiana.com/
Mission Federal Credit Union,https://www.missionfed.com/
Northwest Federal Credit Union,https://www.nwfcu.org/
Happy State Bank,https://www.happybank.com/
"State Employees Credit Union of Maryland, Inc",https://www.secumd.org/
"Byline Bancorp, Inc.",https://www.bylinebank.com/
Byline Bank,https://www.bylinebank.com/
Wescom Central Credit Union,https://www.wescom.org/
"HomeTrust Bancshares, Inc.",https://www.hometrustbanking.com/
HomeTrust Bank,https://www.hometrustbanking.com/
CTBC Bank Corp. (USA),https://www.ctbcbankusa.com/
Institution for Savings in Newburyport and Its Vicinity,https://www.institutionforsavings.com/
Mercantile Bank of Michigan,https://www.mercbank.com/
CTBC Capital Corp.,http://www.ctbcholding.com/
Mercantile Bank Corporation,https://www.bloomberg.com/
Service Credit Union,https://servicecu.org/
Cape Cod Five Cents Savings Bank,https://www.capecodfive.com/
Stock Yards Bank & Trust Company,https://www.syb.com/
"Indian Head Banks, Inc.",https://www.etsy.com/
"Stock Yards Bancorp, Inc.",https://www.syb.com/
Cape Cod Five Mutual Company,https://www.capecodfive.com/
Alloya Corporate Federal Credit Union,http://www.alloyacorp.org/
"MidWestOne Financial Group, Inc.",https://www.midwestone.com/
Equity Bank,https://www.equitybank.com/
"Equity Bancshares, Inc.",http://investor.equitybank.com/
"Grandpoint Capital, Inc.",https://www.grandpointbank.com/
MidWestOne Bank,https://www.midwestone.com/
Texas Dow Employees Credit Union,https://www.tdecu.org/
Corporate One Federal Credit Union,http://www.corporateone.coop/
Firstrust Savings Bank,https://www.firstrust.com/
Grandpoint Bank,https://www.grandpointbank.com/
Chevron Federal Credit Union,https://www.chevronfcu.org/
German American Bank,https://germanamerican.com/
"German American Bancorp, Inc.",https://germanamerican.com/
Teachers Credit Union,https://www.tcunet.com/
Burke & Herbert Bank & Trust Company,https://www.burkeandherbertbank.com/
"Community Bancshares of Mississippi, Inc.",https://communitybank.net/
"CBTX, Inc.",http://ir.cbtxinc.com/
Farmers & Merchants Bank of Central California,https://m.fmbonline.com/
Farmington Bank,http://www.farmingtonbankct.com/
1867 Western Financial Corporation,https://www.bloomberg.com/
"CommunityBank of Texas, N.A.",https://www.communitybankoftx.com/
"First Connecticut Bancorp, Inc.",http://www.firstconnecticutbancorp.com/
First Financial Corporation,https://www.first-online.com/
"Valley View Bancshares, Inc.",https://www.bloomberg.com/
California Credit Union,https://www.ccu.com/
Security Bank of Kansas City,https://www.securitybankkc.com/
Citadel Federal Credit Union,https://www.citadelbanking.com/
Affinity Federal Credit Union,https://www.affinityfcu.com/
MIDFLORIDA Credit Union,https://www.midflorida.com/
First Defiance Financial Corp.,http://www.fdef.com/
Bank of Stockton,https://www.bankofstockton.com/
Travis Credit Union,https://www.traviscu.org/
Heartland Bank and Trust Company,https://www.hbtbank.com/
Tower Federal Credit Union,https://www.towerfcu.org/
"Sterling Bancorp, Inc.",http://www.sterlingbancorp.com/
"Heartland Bancorp, Inc.",https://www.hbtbank.com/
Hills Bancorporation,https://www.hillsbank.com/
"Sterling Bank and Trust, FSB",https://www.sterlingbank.com/
Hills Bank and Trust Company,https://www.hillsbank.com/
First Federal Bank of the Midwest,https://first-fedbanking.com/
"CrossFirst Bankshares, Inc.",https://www.crossfirstbank.com/
CrossFirst Bank,https://www.crossfirstbank.com/
Baxter Credit Union,https://www.bcu.org/
Veritex Community Bank,https://veritexbank.com/
"Veritex Holdings, Inc.",https://veritexbank.com/
Credit Human Federal Credit Union,https://www.credithuman.com/
"Nicolet Bankshares, Inc.",https://www.nicoletbank.com/
Nicolet National Bank,https://www.nicoletbank.com/
Educational Employees Credit Union,https://www.myeecu.org/
Coastal Federal Credit Union,https://www.coastal24.com/
Summit Credit Union,https://www.summitcreditunion.com/
"Capital City Bank Group, Inc.",https://www.ccbg.com/
"Atlantic Capital Bancshares, Inc.",https://atlanticcapitalbank.com/
American National Bank of Texas,https://www.anbtx.com/
Capital City Bank,https://www.ccbg.com/
Access National Corporation,https://www.accessnationalbank.com/
"Allegiance Bancshares, Inc.",https://allegiancebank.com/
Allegiance Bank,https://allegiancebank.com/
ANB Corporation,https://www.bloomberg.com/
"Atlantic Capital Bank, National Association",https://atlanticcapitalbank.com/
"John Deere Financial, F.S.B.",https://www.deere.com/
Access National Bank,https://www.accessnationalbank.com/
Nassau Educators Federal Credit Union,https://www.mynefcu.org/
UNIFY Financial Federal Credit Union,https://www.unifyfcu.com/
Heritage Commerce Corp,http://www.heritagecommercecorp.com/
Enterprise Bank and Trust Company,https://www.enterprisebanking.com/
"First Mid-Illinois Bancshares, Inc.",https://www.firstmid.com/
Apco Employees Credit Union,https://www.apcocu.org/
Community First Credit Union,https://www.communityfirstfl.org/
Landrum Company,https://www.bloomberg.com/
"First Mid Bank & Trust, National Association",https://www.firstmid.com/
Heritage Bank of Commerce,https://www.heritagebankofcommerce.bank/
"Enterprise Bancorp, Inc.",https://www.enterprisebanking.com/
United National Corporation,https://www.bloomberg.com/
Independent Bank Corporation,https://www.independentbank.com/
CNB Financial Corporation,https://www.cnbbank.bank/
Landmark Bank,https://www.landmarkbank.com/
Washington State Employees Credit Union,https://wsecu.org/
General Electric Credit Union,https://gecreditunion.org/
First Internet Bank of Indiana,https://www.firstib.com/
Arrow Financial Corporation,https://www.arrowfinancial.com/
RCB Bank,https://rcbbank.com/
"RCB Holding Company, Inc.",https://www.bloomberg.com/
First Internet Bancorp,http://www.firstinternetbancorp.com/
National Commerce Corporation,https://www.nationalbankofcommerce.com/
Spokane Teachers Credit Union,https://stcu.org/
"Live Oak Bancshares, Inc.",https://www.liveoakbank.com/
"Spencer Savings Bank, SLA",https://www.spencersavings.com/
Union Savings Bank,https://www.unionsavings.com/
National Bank of Commerce,https://www.nationalbankofcommerce.com/
BancPlus Corporation,https://www.bloomberg.com/
CNB Bank,https://www.cnbbank.bank/
SAFE Credit Union,https://www.safecu.org/
BankPlus,https://www.bankplus.net/
"BSB Bancorp, Inc.",https://www.belmontsavings.com/
Belmont Savings Bank,https://www.belmontsavings.com/
Navy Army Community Credit Union,https://www.navyarmyccu.com/
"Blue Hills Bancorp, Inc.",http://www.bluehillsbancorp.com/
Municipal Credit Union,http://www.nymcu.org/
WEX Bank,http://www.wexinc.com/
HarborOne Mutual Bancshares,https://www.bloomberg.com/
GECU,https://www.gecu.com/
Blue Hills Bank,https://www.bluehillsbank.com/
Live Oak Banking Company,https://www.liveoakbank.com/
Sumitomo Mitsui Trust Bank (U.S.A.) Limited,https://portal.smtbusa.com/
Manufacturers Bank,https://www.manufacturersbank.com/
"Southern BancShares (N.C.), Inc.",https://www.southernbank.com/
Fishback Financial Corporation,https://www.bankeasy.com/
Canandaigua National Bank and Trust Company,https://www.cnbank.com/
United Community Financial Corp.,http://www.ucfconline.com/
Home Savings Bank,https://www.homesavings.com/
HarborOne Bank (MHC),https://www.harborone.com/
"HarborOne Bancorp, Inc. (MHC)",https://www.harborone.com/
Canandaigua National Corporation,https://www.cnbank.com/
"Sturm Financial Group, Inc.",https://www.anbbank.com/
"Southern National Bancorp of Virginia, Inc.",https://www.sonabank.com/
Sonabank,https://www.sonabank.com/
"Inwood Bancshares, Inc.",https://www.inwoodbank.com/
"Inwood Delaware, Inc.",https://www.bloomberg.com/
Inwood National Bank,https://www.inwoodbank.com/
Catalyst Corporate Federal Credit Union,http://www.catalystcorp.org/
Southern Bank and Trust Company,https://www.southernbank.com/
United Federal Credit Union,https://unitedfcu.com/
Exchange Bank,https://www.exchangebank.com/
Keesler Federal Credit Union,https://www.kfcu.org/
CommunityAmerica Credit Union,https://www.communityamerica.com/
ANB Bank,https://www.anbbank.com/
City Bank,https://www.citibank.com.br/
University of Wisconsin Credit Union,https://www.uwcu.org/
Bank of Delaware Corporation,https://www.delawareinc.com/
Principal Bank,https://www.principal.com/
Langley Federal Credit Union,https://www.langleyfcu.org/
"Parkway Bancorp, Inc.",https://www.parkwaybank.com/
Parkway Bank and Trust Company,https://www.parkwaybank.com/
Central Trust Bank,https://www.centraltrust.net/
"South Plains Financial, Inc.",https://www.bloomberg.com/
Technology Credit Union,https://www.techcu.com/
"United Community Bancorp, Inc.",http://www.bankucb.com/
Amboy Bancorporation,https://amboybank.com/
Amboy Bank,https://amboybank.com/
Apple Federal Credit Union,http://www.applefcu.org/
Sandia Laboratory Federal Credit Union,https://www.slfcu.org/
Bank of Marin Bancorp,https://www.bankofmarin.com/
Premier America Credit Union,https://www.premieramerica.com/
"TIB The Independent BankersBank, National Association",https://www.mybankersbank.com/
"Watford City Bancshares, Inc.",https://www.bloomberg.com/
First International Bank & Trust,https://firstintlbank.com/
Longview Delaware Corporation,http://www.longviewcptl.com/
Bank of Marin,https://www.bankofmarin.com/
Longview Financial Corporation,https://www.bloomberg.com/
Independent Bankers Financial Corporation,https://www.mybankersbank.com/
Texas Bank and Trust Company,https://www.texasbankandtrust.com/
Grow Financial Federal Credit Union,https://www.growfinancial.org/
"Brand Group Holdings, Inc.",https://www.prnewswire.com/
"Central Bancshares, Inc.",https://www.cbibanks.com/
Central Bank & Trust Company,https://www.centralbank.com/
California Coast Credit Union,https://www.calcoastcu.org/
Dacotah Bank,http://www.dacotahbank.com/
"Dacotah Banks, Inc.",http://www.dacotahbank.com/
"First Community Bancshares, Inc.",https://www.firstcommunitybank.com/
Provident Credit Union,https://www.providentcu.org/
"Old Second Bancorp, Inc.",http://www.oldsecond.com/
Robins Financial Credit Union,https://www.robinsfcu.org/
First Community Credit Union,https://www.firstcommunity.com/
First Community Bank,https://www.firstcommunitybank.com/
Old Second National Bank,http://www.oldsecond.com/
"PeoplesBancorp, MHC",https://www.bloomberg.com/
PeoplesBank,https://bankatpeoples.com/
"East Asia Holding Company, Inc.",https://www.bloomberg.com/
"Industrial and Commercial Bank of China (USA), National Association",http://www.icbc-us.com/
Stanford Federal Credit Union,https://www.sfcu.org/
Dickinson Financial Corporation II,https://www.bloomberg.com/
Genisys Credit Union,https://www.genisyscu.org/
Bank of the Sierra,https://www.bankofthesierra.com/
Sierra Bancorp,http://www.sierrabancorp.com/
Brand Banking Company,https://www.thebrandbank.com/
First State Community Bank,https://www.fscb.com/
"Republic First Bancorp, Inc.",https://www.myrepublicbank.com/
Georgia's Own Credit Union,https://www.georgiasown.org/
Mid-State Bank & Trust,https://www.businesswire.com/
National Consumer Cooperative Bank,https://ncb.coop/
"First State Bancshares, Inc.",https://www.fscb.com/
Citywide Banks,https://www.citywidebanks.com/
Public Service Credit Union,https://www.pscu.org/
Hingham Institution for Savings,https://www.hinghamsavings.com/
NASA Federal Credit Union,http://www.nasafcu.com/
"National Cooperative Bank, N.A.",https://ncb.coop/
Wilson Bank Holding Co.,https://www.wilsonbank.com/
NCB Financial Corporation,https://www.myncb.com/
Republic First Bank,https://www.myrepublicbank.com/
Wilson Bank and Trust,https://www.wilsonbank.com/
"West Suburban Bancorp, Inc.",https://www.westsuburbanbank.com/
Glens Falls National Bank and Trust Company,https://www.gfnational.com/
"Lone Star National Bancshares--Texas, Inc.",https://www.bloomberg.com/
University Federal Credit Union,https://www.ufcu.org/
Bank Rhode Island,https://www.bankri.com/
"Home Bancorp, Inc.",https://www.home24bank.com/
West Suburban Bank,https://www.westsuburbanbank.com/
Truliant Federal Credit Union,https://www.truliantfcu.org/
Northbrook Bank & Trust Company,http://www.northbrookbank.com/
Lone Star National Bank,https://www.lonestarnationalbank.com/
"Home Bank, National Association",https://www.home24bank.com/
Hinsdale Bank & Trust Company,http://www.hinsdalebank.com/
Royal Credit Union,https://www.rcu.org/
"Wells Fargo Trust Company, National Association",https://www.bloomberg.com/
FAIRWINDS Credit Union,https://www.fairwinds.org/
Peoples Financial Services Corp.,https://www.psbt.com/
Ascend Federal Credit Union,https://www.ascendfcu.org/
Home Federal Bank of Tennessee,https://www.homefederalbanktn.com/
"Independence Bancshares, Inc.",https://www.bloomberg.com/
Farmers National Banc Corp.,https://farmersbankgroup.com/
Peoples Security Bank and Trust Company,https://www.psbt.com/
Chartway Federal Credit Union,https://www.chartway.com/
Farmers National Bank of Canfield,https://farmersbankgroup.com/
"Alerus Financial, National Association",https://www.alerus.com/
Independence Bank of Kentucky,https://www.1776bank.com/
"El Dorado Savings Bank, F.S.B.",https://www.eldoradosavingsbank.com/
JSC Federal Credit Union,https://www.jscfcu.org/
Pawtucket Credit Union,https://www.pcu.org/
"Summit Community Bank, Inc.",https://www.mysummit.com/
People's Intermountain Bank,https://pi.bank/
National Bank of Indianapolis Corporation,http://www.nbofi.com/
People's Utah Bancorp,http://www.peoplesutah.com/
Tompkins Trust Company,https://www.tompkinstrust.com/
"Stearns Financial Services, Inc.",https://stearnsfinancial.com/
Founders Federal Credit Union,https://www.foundersfcu.com/
National Bank of Indianapolis,http://www.nbofi.com/
"West Bancorporation, Inc.",https://www.westbankstrong.com/
"Summit Financial Group, Inc.",http://www.summitfgi.com/
Fidelity Financial Corporation,http://www.fidelity.ca/
West Bank,https://www.westbankstrong.com/
"Old Line Bancshares, Inc.",https://www.oldlinebank.com/
Atlanta Postal Credit Union,https://apcu.com/
Old Line Bank,https://www.oldlinebank.com/
Revere Bank,https://www.reverebank.com/
"Villages Bancorporation, Inc.",https://www.bloomberg.com/
Westfield Bank,https://www.westfieldbank.com/
"Western New England Bancorp, Inc.",http://www.snl.com/
EECU,https://www.eecu.org/
Citizens First Bank,https://www.citizensfb.com/
"Northern Bancorp, Inc.",https://www.nbtc.com/
Bristol County Savings Bank,https://www.bristolcountysavings.com/
BAC Florida Bank,http://www.bacflorida.com/
Beacon Bancorp,https://www.bloomberg.com/
Northern Bank & Trust Company,https://www.nbtc.com/
American Heritage Federal Credit Union,https://www.amhfcu.org/
Gate City Bank,https://www.gatecitybank.com/
Affinity Plus Federal Credit Union,https://www.affinityplus.org/
TruMark Financial Credit Union,https://www.trumarkonline.org/
Numerica Credit Union,https://www.numericacu.com/
Nusenda Federal Credit Union,https://www.nusenda.org/
Needham Bank,https://www.needhambank.com/
Hometown Financial Group MHC,http://www.ibanknet.com/
"North Shore Bank, FSB",https://www.northshorebank.com/
River City Bank,https://rivercitybank.com/
Penn Community Mutual Holdings Inc.,http://www.bloomberg.com/
Penn Community Bank,https://penncommunitybank.com/
Penn Community Financial Corporation,https://www.bloomberg.com/
KleinBank,https://www.kleinbank.com/
Territorial Bancorp Inc.,https://www.territorialsavings.net/
New Frontier Bancorp,https://www.bloomberg.com/
Territorial Savings Bank,https://www.territorialsavings.net/
"Barrington Bank & Trust Company, National Association",https://www.barringtonbank.com/
"Klein Financial, Inc.",https://www.bloomberg.com/
