company_name,company_link
TCF Bank,https://www.tcfbank.com/
California Credit Union League,http://www.ccul.org/
UBS Wealth Management,http://www.ubs.com/
Massachusetts Mutual Life Insurance Company,https://www.massmutual.com/
Fifth Third Bank,https://www.53.com/
Citadel Investment Group,https://www.citadel.com/
Huntington Bank,https://www.huntington.com/
BB&T - Branch Banking and Trust Company,https://www.bbt.com/
Northwest Bank,https://www.northwest.bank/
Hancock Whitney Bank,https://www.hancockwhitney.com/
BBVA Compass,http://www.bbvacompass.com/
Suncoast Credit Union,https://www.suncoastcreditunion.com/
Canvas Credit Union,https://www.pscu.org/
Office of the Attorney General - Colorado,https://coag.gov/
Mastercard,https://www.mastercard.us/
Digital Federal Credit Union,https://www.dcu.org/
Metro Credit Union,https://www.metrocu.org/
Educators Credit Union,https://www.ecu.com/
BankNewport,https://www.banknewport.com/
Union Bank & Trust,https://www.ubt.com/
Navient,https://www.navient.com/
State Treasurers's Office - South Carolina,https://treasurer.sc.gov/
Iowa Insurance Division,https://iid.iowa.gov/
Regions Bank,https://www.regions.com/
Morgan Stanley Private Wealth Management,https://www.morganstanley.com/
Trustmark,https://www.trustmark.com/
First Republic Bank,https://www.firstrepublic.com/
Bank of the Ozarks,https://www.ozk.com/
Silicon Valley Bank,https://www.svb.com/
Office of the Treasurer - Nebraska,https://treasurer.nebraska.gov/
John Hancock Financial,https://www.johnhancock.com/
Great-West Financial,http://www.greatwest.com/
State Employees Credit Union of MD Inc,https://www.secumd.org/
Office of the Treasurer - Arkansas,https://www.artreasury.gov/
Beneficial Bank,https://www.thebeneficial.com/
Office of Secretary of State - Indiana,https://www.in.gov/
Glacier Bancorp,http://www.glacierbancorp.com/
Texas Dow Employees Credit Union,https://www.tdecu.org/
Educational Services of America,http://chancelight.com/
SANTANDER ASSET MANAGEMENT,http://www.santanderassetmanagement.com/
Western Alliance Bank,https://www.westernalliancebancorporation.com/
Tompkins Financial Corporation,https://www.tompkinsfinancial.com/
Coastal Federal Credit Union,https://www.coastal24.com/
Enova Intl.,https://www.enova.com/
Educational Funding of the South,https://www.edsouth.org/
LendingTree,https://www.lendingtree.com/
Mercantile Bank of Michigan,https://www.mercbank.com/
Cooperative Credit Union Association,https://www.ccuassociation.org/
Cambridge Savings Bank,https://www.cambridgesavings.com/
Commonwealth Credit Union,https://ccuky.org/
FirstLight FCU,https://www.firstlightfcu.org/
TIAA,https://www.tiaa.org/
Provident Bank,https://www.provident.bank/
TD Bank (US),https://www.tdbank.com/
Advanced Capital Group,https://www.acgbiz.com/
TPG Global,https://www.tpg.com/
Broadway National Bank,https://broadway.bank/
VALIC,https://www.valic.com/
BNB Bank,https://www.bnbbank.com/
U.S. Bancorp,https://www.usbank.com/
University Federal Credit Union,https://www.ufcu.org/
Georgia's Own Credit Union,https://www.georgiasown.org/
Wings Financial Credit Union,https://www.wingsfinancial.com/
Office of the Treasurer - Tennessee,http://treasury.tn.gov/
Bethpage Federal Credit Union,https://www.bethpagefcu.com/
Washington Federal (Multistate),https://www.washingtonfederal.com/
Kentucky Educational Development Corporation,http://www.kedc.org/
BayCoast Bank,https://baycoastbank.com/
First United Bank (OK),https://www.firstunitedbank.com/
"Extraco Banks, National Association",https://www.extracobanks.com/
Amarillo National Bank,https://www.anb.com/
UMB Bank,https://www.umb.com/
First Fidelity Bank,https://www.ffb.com/
Austin Bank,https://www.austinbank.com/
WSECU,https://wsecu.org/
State of New Jersey Higher Ed Student Assistance Authority,https://www.hesaa.org/
Country Bank for Savings,https://www.countrybank.com/
Comerica Bank,https://webbanking.comerica.com/
Andigo Credit Union,https://andigo.org/
Security Service FCU,https://www.ssfcu.org/
EECU,https://www.eecu.org/
First National Bank of Pennsylvania,https://www.fnb-online.com/
Hughes Federal Credit Union,https://www.hughesfcu.org/
Community First Credit Union of FL,https://www.communityfirstfl.org/
Sandy Spring Bank,http://www.sandyspringbank.com/
Connexus Credit Union,https://www.connexuscu.org/
Hawaii State Federal Credit Union,https://www.hawaiistatefcu.com/
South Shore Bank,https://www.southshorebank.com/
First Community Credit Union,https://www.firstcommunity.com/
Isabella Bank,https://www.isabellabank.com/
Centennial Bank,https://www.my100bank.com/
City National Bank,https://www.cnb.com/
TruWest Credit Union,https://truwest.org/
Rosedale Federal Savings & Loan Association,https://www.rosedalefederal.com/
Y-12 Federal Credit Union,https://www.y12fcu.org/
First Security Bank & Trust,https://www.1stsecuritybank.com/
Hills Bank and Trust,https://www.hillsbank.com/
Professional Capital Services (PCS),https://www.pcs401k.com/
Charles Schwab & Co.,https://www.schwab.com/
Farmers and Merchants Bank-VA,https://www.fmbankva.com/
Texas Capital Bank,https://www.texascapitalbank.com/
FinWise Bank,https://www.finwisebank.com/
Monroe Bank & Trust,https://www.mbandt.com/
Consumers Cooperative Credit Union,http://www.myconsumers.org/
Advantis Credit Union,https://www.advantiscu.org/
KEMBA Financial Credit Union,https://www.kemba.org/
GTE Financial,https://www.gtefinancial.org/
First Financial Bank (OH),https://www.bankatfirst.com/
BECU (Boeing Employees Credit Union),https://www.becu.org/
Kearny Bank,https://www.kearnybank.com/
Hiway Federal Credit Union,https://www.hiway.org/
Investors Bank,https://online.myinvestorsbank.com/
Community Bank of the Chesapeake,https://www.cbtc.com/
Mechanics Bank,https://www.mechanicsbank.com/
National Bank of Commerce,https://nbcbanking.com/
Horizon Credit Union,https://www.horizoncreditunion.com.au/
TCG Advisors,http://www.tcg-advisors.com/
Fulton Financial Corporation,http://www.fult.com/
Navigant Credit Union,https://www.navigantcu.org/
Interra Credit Union,https://www.interracu.com/
"JS Plank and DM DiCarlo Family Foundation (frmly. War Horse, LLC)",http://warhorsecities.com/
KeyBank National Association,https://www.key.com/
First National Bank & Trust Co,https://www.bankatfirstnational.com/
Kitsap Credit Union,https://www.kitsapcu.org/
Customers Bank,https://www.customersbank.com/
"Veritex Holdings, Inc.",http://www.nasdaq.com/
Sesloc Federal Credit Union,https://www.sesloc.org/
Kansas Office of the State Bank Commissioner,http://www.osbckansas.org/
HomeStreet Bank,https://www.homestreet.com/
Tri Counties Bank,https://www.tcbk.com/
San Francisco Fire Credit Union,https://www.sffirecu.org/
Ulster Savings Bank,https://ulstersavings.com/
Honda Federal Credit Union,https://www.hondafcu.org/
University of Iowa Community Credit Union,https://www.uiccu.org/
Mauch Chunk Trust Co.,https://www.mauchchunktrust.com/
Sunrise Community Banks,https://sunrisebanks.com/
Red River Federal Credit Union,https://www.rrfcu.com/
Wood & Huston Bank,https://woodhuston.com/
Community Financial Credit Union,https://www.cfcu.org/
Hudson Valley Federal Credit Union,https://www.hvfcu.org/
Discover,http://www.discover.com/
First Federal Bank of the Midwest,https://first-fedbanking.com/
Synovus,https://www.synovus.com/
First Nebraska Bank,https://www.firstnebraska.bank/
Suffolk Federal Credit Union,https://www.suffolkfcu.org/
Visions Federal Credit Union,https://www.visionsfcu.org/
Unitus Community Credit Union,https://www.unitusccu.com/
"NCB, FSB",https://ncb.coop/
Ocean Financial Federal Credit Union,https://www.oceanfinancial.org/
Pacific Mercantile Bank,https://www.pmbank.com/
First National Bank & Trust Company of Newtown,https://www.fnbn.com/
"First Bank - Southern Pines, NC",https://localfirstbank.com/
Fortifi (formerly: 1st National Bank of Berlin),https://www.fortifibank.com/
PeoplesBank a Codorus Company,https://www.peoplesbanknet.com/
BellCo Credit Union,https://www.bellco.org/
Hancock Bank & Trust Co.,https://www.hancockbankonline.com/
Houston Federal Credit Union,https://www.houstonfcu.org/
Liberty Bay Credit Union,https://libertybaycu.org/
The State Bank,https://www.statebt.com/
Cox Communications,https://www.cox.com/
HomeStar Bank & Financial Svcs,https://www.homestarbank.com/
First National Bank of Scotia,https://www.firstscotia.com/
CresCom Bank,https://www.haveanicebank.com/
Fidelity Bank (GA/FL),https://lionbank.com/
Fidelity,https://www.lionbank.com/
Bank of the West,https://www.bankofthewest.com/
Red River Bank,https://www.redriverbank.net/
First Bank of Alabama,https://www.firstbankal.com/
California Credit Union,https://www.ccu.com/
Brookline Bank,https://www.brooklinebank.com/
Wright-Patt Credit Union,https://www.wpcu.coop/
Heartland Bank and Trust,https://www.hbtbank.com/
Peoples Security Bank and Trust Company,https://www.psbt.com/
Dime Bank,https://www.dime-bank.com/
America's First Federal Credit Union,https://www.amfirst.org/
Alfond College Scholarship,https://www.500forbaby.org/
Jeanne D'Arc Credit Union,https://www.jdcu.org/
AmeriCU Credit Union,https://www.americu.org/
Vinton County National Bank,https://www.vcnbfamily.com/
Liberty National Bank (OH),https://www.myliberty.bank/
Vision Bank (OK),https://www.visionbank.bank/
American Express Company,https://www.americanexpress.com/
Mobiloil Federal Credit Union,https://www.mobiloilcu.org/
First Bank Financial Centre,https://www.fbfcwi.com/
LegacyTexas Bank,https://www.legacytexas.com/
Riverview Bank PA,https://www.riverviewbankpa.com/
Tennessee State Bank,https://www.tnstatebank.com/
Star One Credit Union,https://www.starone.org/
Anheuser-Busch Employees Credit Union,https://www.abecu.org/
Firefly (fka US Federal) Credit Union,https://www.fireflycu.org/
Camden National Bank,https://www.camdennational.com/
CommonWealth Central Credit Union,https://www.wealthcu.org/
1st Bank Yuma,https://www.1stbankyuma.com/
Legend Bank,https://www.legend-bank.com/
First Citizens Community Bank,https://www.firstcitizensbank.com/
American United Federal Credit Union,https://www.amucu.org/
EagleBank,https://www.eaglebankcorp.com/
Atlantic Capital Bank,https://atlanticcapitalbank.com/
Univest Bank,https://www.univest.net/
Fort Knox Federal Credit Union,https://www.fortknoxfcu.org/
Merchants Bank of Indiana,https://www.merchantsbankofindiana.com/
Flagstar Bank,https://www.flagstar.com/
Abbott Laboratories Employees Credit Union,https://www.alecu.org/
The Lapin Family Foundation,https://www.thelapingroup.com/
Pentagon Federal Credit Union,https://www.penfed.org/
American State Bank (IA),https://www.ambankiowa.com/
The Bank of Missouri,https://www.bankofmissouri.com/
Radius Bank,https://www.radiusbank.com/
The Honesdale National Bank,https://www.hnbbank.bank/
Pacific Premier Bank,https://www.ppbi.com/
Financial Partners Credit Union,https://ob.fpcu.org/
Wake Forest Baptist Health,https://www.wakehealth.edu/
Guardian Credit Union,https://www.guardiancu.org/
Citizens Tri-County Bank,https://www.ctcbonline.com/
Enterprise Bank & Trust,https://www.enterprisebank.com/
Lisle Savings Bank IL,https://www.lislebank.com/
American Bank of Missouri,https://americanbankofmissouri.com/
Port Washington State Bank,https://www.pwsb.com/
American National Bank and Trust Company,https://www.amnb.com/
First Commonwealth Federal Credit Union,https://www.firstcomcu.org/
Banc of California,https://bancofcal.com/
Spencer Savings Bank,https://www.spencersavings.com/
BankFirst Financial Services,https://www.bankfirstfs.com/
Newtown Savings Bank,https://www.nsbonline.com/
First National Bank Texas,https://www.1stnb.com/
Somerset Savings Bank,https://somersetsavings.com/
Financial Center First Credit Union,https://www.fcfcu.com/
Bank of Hemet,https://www.bankofhemet.com/
Woori America Bank,https://www.wooriamericabank.com/
Bankers Trust Company,https://www.bankerstrust.com/
First State Bank of DeQueen,https://www.fsbdequeen.com/
Minnco Credit Union,https://www.minnco.com/
Darien Rowayton Bank,http://www.laurelroad.com/
Citizens Bank of Lafayette,https://www.citizens-bank.org/
First Federal of Lakewood Bank (OH),https://www.ffl.net/
Patriot Bank,https://www.patriot-bank.com/
BTC Bank,https://btcbank.bank/
First Financial Northwest Bank,http://www.ffnwb.com/
Ally Financial Inc.,https://www.ally.com/
Renasant Bank,https://www.renasantbank.com/
Walpole Co-operative Bank,https://www.walpolecoop.com/
Air Force Federal Credit Union,https://hb.airforcefcu.com/
Diversified Members Credit Union,https://dmcu.com/
Allegiance Bank Texas,https://allegiancebank.com/
Alabama One Credit Union,https://www.alabamaone.org/
"First Kentucky Bank, Inc.",https://www.firstkentucky.com/
"OakStar Bank, NA",https://www.oakstarbank.com/
First National Bank of Gilmer,https://www.fnbgilmer.com/
Principal Financial Group,https://advisors.principal.com/
First Credit Union,http://www.americafirst.com/
MidWestOne Bank,https://www.midwestone.com/
Alliance Credit Union,https://www.alliancecu.org/
CBC Federal Credit Union,https://www.cbcfcu.org/
Rockford Bank & Trust Co.,https://www.rkfdbank.bank/
Kleberg Bank N.A.,https://www.klebergbank.com/
GECU,https://www.gecu.com/
First Hawaiian Bank,https://www.fhb.com/
Metropolitan Commercial Bank,http://www.metropolitanbankny.com/
Resource One Credit Union,https://www.r1cu.org/
Evergreen GaveKal,https://www.evergreengavekal.com/
Farmers State Bank - Waterloo,https://www.fsb1879.com/
East Wisconsin Savings Bank,https://eastwis.com/
Bank-Fund Staff Federal Credit Union,https://www.bfsfcu.org/
United Midwest Savings Bank,https://www.umwsb.com/
Commencement Bank,https://www.commencementbank.com/
1st Capital Bank,https://www.1stcapital.bank/
North Shore Bank WI (formerly Layton State Bank),https://www.biztimes.com/
Transpecos Financial Corp.,http://www.ibanknet.com/
Athens Federal Community Bank,https://www.athensfederal.com/
Wellesley Bank,https://wellesleybank.com/
Passumpsic Savings Bank,https://www.passumpsicbank.com/
Greenfield Co-operative Bank,https://www.greenfieldcoopbank.com/
First Commercial Bank,https://www.1cb.com/
Bank of San Juans (Glacier Bancorp),https://www.banksanjuans.com/
UnitedOne Credit Union,https://www.unitedone.org/
Blue Hills Bank,https://www.bluehillsbank.com/
InTouch Credit Union,https://www.itcu.org/
Azura Credit Union,https://www.azuracu.com/
The Bank of Edwardsville,https://www.4thebank.com/
Westerly Community Credit Union,https://www.westerlyccu.com/
North Shore Bank of Commerce,https://northshore.bank/
Safra National Bank of New York,http://www.safra.com/
United Community Bancorp,http://www.bankucb.com/
First National Bank in Staunton,https://www.fnbstaunton.com/
Community National Bank,https://www.communitynationalbank.com/
OneUnited Bank,https://www.oneunited.com/
Time Federal Savings Bank,https://www.timefederalsavings.com/
Wilson Bank & Trust,https://www.wilsonbank.com/
Central One Federal Credit Union,https://www.centralfcu.com/
University Credit Union,https://www.ucu.org/
Indiana Education Savings Authority,https://www.in.gov/
Thrivent Financial,https://www.thrivent.com/
Reliance Bank,https://reliancebank.bank/
Gather Federal Credit Union,https://m.kcfcu.org/
NexTier Bank,https://www.nextierbank.com/
U.S. Bank - Washington,https://locations.usbank.com/
Community Spirit Bank,https://www.communityspirit.bank/
Piedmont Federal Savings Bank,https://www.piedmontfederal.com/
Higher Education Servicing Corp,http://www.hescloans.com/
City & County Credit Union,https://www.cccu.com/
Access Credit Union,https://www.access-cu.com/
Oklahoma Central Credit Union,https://www.oklahomacentral.org/
BMI Federal Credit Union,https://www.bmifcu.org/
First Port City Bank,https://www.firstportcity.com/
Agriculture Federal Credit Union,https://www.agfed.org/
First Dakota National Bank,https://www.firstdakota.com/
First Federal Community Bank (Dover),https://www.firstfed.com/
Arsenal Credit Union,https://arsenalcu.com/
Highlands Union Bank,https://www.hubank.com/
Eagle Bank and Trust,https://www.eaglebank.com/
First Bank (NJ),http://www.firstbanknj.com/
West Gate Bank,https://westgate.bank/
Columbia Bank (NJ),https://www.columbiabankonline.com/
First Federal Savings and Loan Association of McMinnville,https://www.firstfedweb.com/
Washington Trust Co. of Westerly,https://www.washtrust.com/
Bank of New York Mellon Corporation,https://www.bnymellon.com/
USC Credit Union,https://www.usccreditunion.org/
United Mississippi Bank,https://www.unitedmsbk.com/
Boiling Springs Savings Bank,https://www.bssbank.com/
Foothill Federal Credit Union,https://www.foothillcu.org/
"VentureUS Enterprises, LLC",https://www.corporationwiki.com/
Nascoga Federal Credit Union,http://www.nascogafcu.com/
Redding Bank of Commerce,https://www.reddingbankofcommerce.com/
Fidelity Deposit & Discount Bank,https://www.bankatfidelity.com/
USAlliance Federal Credit Union,https://www.usalliance.org/
Denver Community Credit Union,https://denvercommunity.coop/
Building Trades Federal Credit Union,https://obc.itsme247.com/
The First State Bank of Louise,https://www.fsblouise.com/
Landmark Community Bank,https://www.lcbtn.bank/
Farmers State Bank of Calhan,https://www.yourfsb.com/
Penns Woods & Subsidiaries,https://www.pwod.com/
Crest Savings Bank,https://www.crestsavings.bank/
Pittsford Federal Credit Union,https://www.pittsfordfcu.org/
Native American Bank NA,http://www.nabna.com/
Tendto Credit Union,https://www.tendtocu.com/
Fms Bank,https://www.fmsbank.com/
Sente Mortgage,https://www.sentemortgage.com/
Newton Federal Bank,https://www.newtonfederal.com/
Vermont Federal Credit Union,https://vermontfederal.org/
4 Pillars,https://www.forbes.com/
Keesler Federal Credit Union,https://www.kfcu.org/
Smart Financial Credit Union,https://www.smartcu.org/
Oregon State Credit Union,https://www.oregonstatecu.com/
Machias Savings Bank,https://www.machiassavings.bank/
Brickell Bank (Espirito Santo Bank),https://www.bizjournals.com/
People's Credit Union,https://www.peoplescu.com/
Bank of Eastern Oregon,https://www.beobank.com/
First National Bank of Brundidge,https://www.f-n-b.com/
First Tech Credit Union,https://www.firsttechfed.com/
The Peoples Bank,https://www.thepeoples.com/
Cabrillo Credit Union,https://www.cabrillocu.com/
First National Bank of Huntsville,https://www.fnbhuntsvilletx.com/
Till Inc,http://www.tillinc.org/
First Security Bank - Missoula (Glacier Bancorp),https://www.fsbmsla.com/
Great Plains Bank,https://www.gpbankok.com/
Seneca Savings Bank (FS&LA),https://www.senecasavings.com/
UNCLE Credit Union,https://www.unclecu.org/
MCT Credit Union,https://www.mctcu.org/
Manasquan Bank,https://www.manasquanbank.com/
Gorham Savings Bank,https://www.gorhamsavings.bank/
Peoples Bank (AR),https://www.peoplesbankar.com/
"First Community Bank, Glasgow Montana",https://www.fcbank.net/
Nicolet National Bank (Formerly First National Bank Fox Valley),https://www.nicoletbank.com/
Hawaii Community Federal Credit Union,https://www.hicommfcu.com/
East County Schools Federal Credit Union,https://www.eastcountyschools.org/
First Commerce Bank,https://www.firstcommercebank.net/
Commercial Bank of Grayson,https://www.cbgrayson.com/
U.S. Postal Service Federal Credit Union,https://www.uspsfcu.org/
Parsons Federal Credit Union,https://www.parsonsfcu.org/
"First National Bank (Pandora, OH)",https://www.e-fnb.com/
Siskiyou Central Credit Union,https://www.siskiyoucu.org/
Abilene Teachers Federal Credit Union,https://abileneteachersfcu.org/
Constellation Federal Credit Union,https://constellationfcu.org/
Life Credit Union,http://www.lifecu.org/
Alta Vista Credit Union,https://www.altavistacu.org/
Pacific Western Bank,https://www.pacificwesternbank.com/
State Bank of Toulon,https://www.statebankoftoulon.com/
Spring Bank (WI),https://www.springbankwi.com/
Community Credit Union of Southern Humboldt,https://www.ccush.org/
Bank2,https://bank2.bank/
Victory Bank,https://www.victorybank.com/
Farmers State Bank of Pittsfield,https://www.farmersstate.com/
Frontier Community Credit Union,https://www.frontierccu.org/
First Federal Community Bank of Bucyrus,https://ffcb.com/
Argent Federal Credit Union,https://www.argentcu.org/
Oak Valley Community Bank,https://www.ovcb.com/
Community 1st Credit Union,https://www.c1stcreditunion.com/
Horizon Utah Federal Credit Union,https://www.myhorizoncu.com/
Maine Family Federal Credit Union,https://www.mainefamilyfcu.com/
Unity One Credit Union,https://unityone.org/
First Choice Bank CA,https://www.firstchoicebankca.com/
Native American Financial Services Association,https://nativefinance.org/
IBERIABANK,https://www.iberiabank.com/
First Federal Savings and Loan Association of Newark OH,https://www.firstfedohio.com/
Wymar FCU,http://wymarfcu.com/
Anderson Brothers Bank,https://www.abbank.com/
Glacier Bank ( Glacier Bank is a division of Glacier Bancorp),https://www.glacierbank.com/
LCNB National Bank,https://www.lcnb.com/
Abbey Credit Union,https://www.abbeycu.com/
Central National Bank,https://centralnational.com/
American Community Bank and Trust Company,https://www.amcombank.com/
Hudson River Financial FCU,https://hudsonriverfinancial.org/
Education Personnel FCU,https://www.educationpersonnelfcu.com/
Dover Federal Credit Union,https://www.doverfcu.com/
First State Community Bank,https://www.fscb.com/
DuGood Federal Credit Union,https://www.dugood.org/
Meriwest Credit Union,https://www.meriwest.com/
First National Bank of Wynne,https://www.fnbwynne.com/
O'Bannon Bank (MO),https://www.obannonbank.com/
Upward Credit Union,https://upwardcu.org/
Central Oklahoma Federal Credit Union,http://www.cofcu.net/
Madison County FCU,https://www.madcofcu.org/
Chabot Federal Credit Union,http://www.chabotfcu.com/
Earthmover Credit Union,https://www.earthmovercu.com/
Tri County Area Federal Credit Union,https://online.tcafcu.org/
SoLo Funds,https://www.crunchbase.com/
Jefferson Bank,https://www.jeffersonbank.com/
eCO Credit Union,https://www.ecocu.org/
Minnesota Valley Federal Credit Union,https://www.mnvalleyfcu.coop/
HomeTown Federal Credit Union,https://www.hometowncu.coop/
Farmers Bank & Trust Blytheville,https://www.fbtbly.com/
Valley Oak Credit Union,https://www.valleyoak.org/
Centera Bank,https://www.centerabank.com/
Prairie Bank of Kansas,https://www.prairiebankks.com/
FreedomBank,https://www.freedombank.com/
American Bank of Montana,https://www.americanbankmontana.com/
Valliance Bank,https://vbank.com/
Eastern Bank,https://www.easternbank.com/
Dow Great Western Federal Credit Union,http://www.dowcu.org/
Markesan State Bank,http://www.markesanstatebank.com/
First National Bank in Carlyle,https://1nbcarlyle.com/
Great Basin Federal Credit Union,https://www.greatbasin.org/
HUD Federal Credit Union,https://www.hudfcu.org/
Peninsula Federal Credit Union,https://www.peninsulafcu.com/
Malheur Federal Credit Union,https://malheurfcu.org/
Platinum FCU,https://www.platinumfcu.org/
Wichita Falls Teachers FCU,https://www.wftfcu.com/
O.A.S. Staff Federal Credit Union,https://www.oasfcu.org/
Verus Bank / Derby Educational Fondation,http://www.verusbank.com/
Tennessee Bank & Trust,https://tennesseebankandtrust.com/
Pioneer Bank & Trust (SD),https://www.pioneerbankandtrust.com/
South Side Trust & Savings Bank of Peoria,https://www.busey.com/
Chesapeake Bank,https://chesbank.com/
Anstaff Bank N.A.,https://www.anstaffbank.com/
First National Bank of Wichita Falls,https://www.fnbtx.com/
Planters Bank (KY),https://www.plantersbankonline.com/
F&M Bank,https://www.fmbnc.com/
Mars National Bank,https://www.marsbank.com/
Chemical Bank,https://www.chemicalbank.com/
The Hamilton Bank,https://www.hamiltonbank.net/
NexBank,https://www.nexbank.com/
Woodlands Bank PA,https://woodlandsbank.com/
F & C Bank,https://fandcbank.com/
Northeast Bank - MN,https://www.nebankmn.com/
Central Valley Community Bank,https://www.cvcb.com/
Cross County Bank,https://www.crosscountybank.com/
First Columbia Bank & Trust Co.,https://www.firstcolumbiabank.com/
Redwood Credit Union,https://www.redwoodcu.org/
ARC FCU,https://www.arcfcu.org/
WorkSquare,http://worksquare.com/
Tricolor / Friedman Associates,http://www.friedmanassociates.net/
Kstate Credit Union,https://www.kstatecu.com/
Community Bank (Oregon),https://www.oregoncommunitybank.com/
Office of the Treasurer - South Dakota,http://www.sdtreasurer.gov/
Seasons Federal Credit Union,https://www.seasonsfcu.org/
Evergreen Credit Union,https://www.egcu.org/
JetStream FCU,https://www.jetstreamfcu.org/
First National Bank of Altavista,https://www.1stnatbk.com/
Governmental Employees CU,https://www.gecuwi.com/
First National Bank of Sycamore,https://www.fnbsycamore.com/
Texoma Community Credit Union,https://texomacu.com/
Oklahoma Educators Credit Union,https://oecu.com/
Central Missouri Community Credit Union,https://www.cmccreditunion.org/
Garfield County Bank,https://www.garfieldcountybank.com/
Bank of Labor (Brotherhood Bank & Trust Co),https://www.brotherhoodbank.com/
Peoples Trust & Savings Bank,https://ptsb-in.com/
Raritan State Bank,https://www.raritanstatebank.com/
The Village Bank (MA),https://www.village-bank.com/
Forward Financial Bank,https://www.forward.bank/
Andover State Bank,https://goasb.com/
Pawtucket Credit Union,https://www.pcu.org/
First National Bank of Waterloo,https://www.fnbwaterloo.com/
Decorah Bank & Trust,https://www.decorahbank.com/
Grand Bank (NJ),https://grandbk.com/
Lebanon Federal Credit Union,https://www.lebanonfcu.org/
Scient Federal Credit Union,https://www.scientfcu.org/
Dolores State Bank,https://www.mydsb.com/
Peapack-Gladstone Bank,https://www.pgbank.com/
VacationLand Federal Credit Union,https://www.vlfcu.org/
Altoona First Savings Bank PA,https://www.altoonabank.com/
Fortress Bank,https://www.bankfortress.com/
Service One Credit Union Inc.,https://www.socu.com/
Liberty Bank,https://en.wikipedia.org/
"Farmers and Merchants State Bank (Springfield, MN)",https://fmb-ebank.com/
Greenville Federal Credit Union,http://www.greenvillefcu.com/
First State Bank of North Dakota,https://www.firststatebanks.com/
HarborLight Credit Union,https://www.harborlightcu.org/
YearUp,https://www.yearup.org/
1st Trust Bank,https://firsttrustbank.co.uk/
Alabama State Employees Credit Union,https://yourasecu.com/
Pathway Lending,https://www.pathwaylending.org/
Farmers State Bank (IN),https://www.farmersebank.com/
"CommunityBank of Texas, N.A.",https://www.communitybankoftx.com/
Catholic Vantage Financial Federal Credit Union,https://www.mycvf.org/
Northwest Community Credit Union (IL),https://www.nwccu.com/
Illiana Financial Credit Union,https://www.illiana.org/
SCE Federal Credit Union,https://www.scefcu.org/
North Alabama Educators CU,https://naecu.org/
New Horizons Credit Union,https://www.newhcu.org/
Yodlee,https://www.yodlee.com/
First Bank (Glacier Bancorp),https://www.cnbc.com/
BH Credit Union,https://hcffcu.org/
Pacific Service Credit Union,https://www.pacificservice.org/
Peoples State Bank,https://www.bankpeoples.com/
Sun Credit Union,https://www.suncu.org/
Boone Bank & Trust Company,https://www.boonebankiowa.com/
The Hardin County Bank,https://www.hardincountybank.bank/
Los Alamos National Bank,http://www.lanb.com/
Horizon Community Bank,https://www.horizoncommunitybank.com/
First Foundation Bank,https://firstfoundationinc.com/
Loan Simple,https://loansimple.com/
First State Bank of Bedias,https://www.bediasbank.com/
United Community Bank,https://www.ucbi.com/
United Bank & Trust (Marysville),https://www.ubankonline.com/
Bank of Hawaii,https://www.boh.com/
First State Bank (Sumner),https://www.fsbsumner.com/
American First Credit Union,https://www.americafirst.com/
Worksystems,https://www.worksystems.org/
Pinnacle Bank,http://www.pinnbank.com/
First National Bank of Bellevue (OHIO),https://www.fnblifetime.com/
American Savings Bank (Portsmouth),http://www.peoplesbancorp.com/
First Commerce Credit Union,https://www.firstcommercecu.org/
Mountain Valley Bank,http://www.mountainvalleybank.com/
Lutheran Federal Credit Union,https://www.lutheranfcu.org/
"Green Financial Resources, LLC",https://www.rogersgreen.com/
Deerwood Bank,https://deerwoodbank.com/
Murphy-Wall State Bank,https://www.murphywall.com/
Girard National Bank,https://www.gn-bank.com/
First Madison Valley Bank,https://www.bankingonthefuture.com/
Pioneer Federal Savings & Loan (MT),https://www.pioneerfed.com/
Town and Country Bank,https://www.townandcountrybank.com/
Chelsea State Bank,https://www.chelseastate.bank/
Gothenburg State Bank,https://gothenburgstatebank.com/
Citizens Bank of Sparta (Carthage TN),https://www.citzcar.com/
West Plains Bank and Trust Company,https://www.westplainsbank.com/
Guaranty Bank & Trust Co.,https://www.guarantybankco.com/
Wepawaug-Flagg Federal Credit Union,http://www.wffcu.org/
People's Federal Credit Union,https://www.tpfcu.com/
Seacoast Commerce Bank,https://sccombank.com/
The Osgood State Bank,https://www.osgoodbank.com/
First National Bank (SD),https://www.fnbsf.com/
Pacific Enterprise Bank,https://www.pacificenterprisebank.com/
ConnectOne Bank,https://www.connectonebank.com/
First Fidelity Bank (SD),http://www.ffb-sd.com/
Home State Bank,https://www.homestbk.com/
KIPP Lynn Collegiate Academy/OneMain Financial,http://kippma.org/
Farmers and Mechanics Bank,https://www.thefmbank.com/
Bank of Ocean City,https://www.bankofoceancity.com/
Citizens Bank of Newburg,http://studentloans.citizensbank.com/
Inland Bank and Trust,https://www.inlandbank.com/
Whitaker Bank,http://www.whitakerbank.com/
Cornerstone Community Financial Credit Union,https://www.ccfinancial.com/
Impact Bank,https://impact-bank.com/
American Southwest Credit Union,https://www.creditunionsonline.com/
First Western Bank and Trust,https://www.firstwestern.bank/
Georgia Banking Company,https://www.geobanking.com/
Citizens State Bank of Lankin,https://www.citizensstatebank-nd.com/
PNC,https://www.pnc.com/
Gate City Bank,https://www.gatecitybank.com/
United Bank of Union,https://www.ubu.bank/
Peoples Bank of the South,https://www.peoplesbanksouth.com/
Union National Bank,https://www.unbsparta.com/
Springfield State Bank,https://www.springfieldstate.com/
First Bank & Trust (SD),https://www.bankeasy.com/
Stockmens Bank,http://www.thestockmensbank.com/
North East Texas Credit Union,http://www.thenetcu.com/
Harris County Federal Credit Union,https://hcfcu.com/
National Bank of Blacksburg,https://nbbank.com/
Midwest Family Lending,http://www.midwestfamilylending.com/
Pony Express Community Bank,http://www.ponyexpr.com/
USAgencies CU,https://www.usacu.org/
First FarmBank,https://www.firstfarmbank.com/
North Dallas Bank & Trust Co.,https://www.ndbt.com/
Forreston State Bank,https://www.fsbil.com/
First Eagle Bank,http://www.febank.com/
Bank & Trust Company,https://www.banktr.com/
Mission Asset Fund,https://missionassetfund.org/
"Shelby Savings Bank, SSB",https://www.shelbysavingsbank.com/
First National Bank of Wamego (DBA Bank of the Flint Hills),https://www.bankflinthills.com/
First Bank (Lyons),https://first-bank.net/
Grand Timber Bank,https://www.grandtimberbank.com/
Circle District Education Foundation / Verus,http://efbmn.org/
Washington County Bank,https://www.washingtoncountybank.com/
Availa Bank,https://www.availa.bank/
Bruning State Bank,https://www.bruningbank.com/
The Hicksville Bank,https://www.thb.bank/
The First National Bank in Sioux Falls,https://www.fnbsf.com/
First Whitney Bank & Trust,http://www.firstwhitneybank.com/
Mediapolis Savings Bank,https://www.mediapolissavingsbank.net/
South Ottumwa Savings Bank,https://www.sosb-ia.com/
First Trust & Savings Bank,https://efirsttrust.com/
ESL Federal Credit Union,https://www.esl.org/
Citibank N.A.,https://online.citi.com/
Cresco Union Savings Bank,https://www.cusb.com/
Citizens Savings Bank,https://www.citizens-savings.com/
Utica Gas & Electric Emps FCU,https://www.ugefcu.com/
Glenwood State Bank,https://www.glenwoodstatebank.com/
Washington State Bank,https://www.washsb.com/
The Bank of Romney,https://olb.bankofromney.net/
Stillman BancCorp,https://www.stillmanbank.com/
Carrollton Bank,https://www.carrolltonbanking.com/
First Hope Bank,https://www.firsthope.com/
Athens State Bank,https://athensstatebank.com/
Plains Commerce Bank (SD),https://www.plainscommerce.com/
Citizens Bank & Trust (Chillicothe),https://www.gocitizens.bank/
First Security Bank,https://www.fsbank.com/
First Savings Bank (Beresford),https://www.firstsavingsbanks.bank/
Bank of South Carolina,https://www.banksc.com/
Farmers State Bank of Hillsboro,https://www.fsbhillsboro.com/
Reliance State Bank,https://www.rsbiowa.com/
Arizona Bank and Trust,https://www.arizbank.com/
Commercial Bank in West Liberty,https://www.commercialbankky.bank/
Peninsula Community Federal Credit Union,https://www.pcfcu.org/
Lake Central Bank (formerly Annandale State Bank),http://www.annabank.com/
Fort Sill Federal Credit Union,https://www.fsfcu.com/
First Bank of Montana (Glacier Bancorp),https://www.1stbmt.com/
Coastal Carolina National Bank,https://www.myccnb.com/
McCook National Bank,https://www.mnb.bank/
"Republic Bank & Trust, Norman",https://www.rbt.com/
Bank of Old Monroe,https://www.bankofoldmonroe.com/
Elm River Credit Union,http://elmriver.org/
Citizens State Bank and Trust Co.,http://csbanc.com/
First National Bank (Ames),https://www.fnb247.com/
"Community Bank (Winslow, IL)",https://www.cbcommunitybank.com/
First State Bank (OK),https://www.fsbvalliant.com/
Valley Bank (Glacier Bancorp),https://www.valleybankhelena.com/
Community Bank of Mississippi,https://communitybank.net/
UBS Adopt - Christian Searcy,http://financialservicesinc.ubs.com/
Kinecta Federal Credit Union,https://www.kinecta.org/
Riverview Community Bank,https://www.riverviewbank.com/
Clear Lake Bank & Trust Co.,https://www.clearlakebank.bank/
MainSource Financial Group,https://www.bizjournals.com/
First National Bank of Muscatine,https://www.fnbmusc.com/
North Arundel Savings Bank,http://www.northarundelsavingsbank.com/
Republic Bank & Trust,https://www.rbt.com/
Department of Business Oversight,http://www.dbo.ca.gov/
Malvern Trust & Savings Bank,https://malvern.bank/
Adams County National Bank ACNB,https://www.acnb.com/
Mason City National Bank,http://www.masoncitynationalbank.com/
The First National Bank of Park Falls,https://www.firstnationalbankparkfalls.com/
First National Bank in Cimarron,http://fnbcimarrononline.com/
CSBank,http://www.csbfd.com/
First State Bank - Britt,http://www.fsb-britt.com/
Wanda State Bank,http://www.wandastatebank.com/
The First Bank & Trust Company of Murphysboro,http://www.fb-t.com/
First National Bank & Security State Bank (Scott City),https://www.ssbscott.com/
Stockgrowers State Bank,https://www.stockgrowersbank.com/
First National Bank of Syracuse,https://www.fnb-windmill.com/
Reliabank Dakota,https://www.reliabank.com/
Farmers & Merchants Bank (NE),https://www.bankfmb.com/
Northern Tier Federal Credit Union (Merged into North Star Community CU),https://www.northstarccu.com/
Security Savings Bank,https://www.securitysavings.com/
Denver Savings Bank,https://www.bankdsb.com/
Community Savings Bank (IA),https://www.csbiowa.com/
Liberty Trust & Savings Bank,https://www.mylibertytrust.com/
Westside State Bank,https://www.wsbankonline.com/
Cresco Bank & Trust,https://www.decorahbank.com/
Bank of Baker,http://www.bankofbaker.com/
Century Bank of the Ozarks,https://www.cbozarks.com/
Mountain West Bank (Glacier Bancorp),https://www.mountainwestbank.com/
Citizens State Bank of Marysville,https://www.csbmarysville.com/
1st Financial Bank USA,http://www.1fbusa.com/
Cornerstone Bank,https://cornerstonebank.com/
West Plains Bank,https://www.westplainsbank.com/
Capital City Bank (KS),https://www.capcitybank.com/
The First Bank of Okarche,https://www.firstbankokarche.com/
Dakota Community Bank and Trust,https://www.dakotacommunitybank.com/
Merchants Bank of Rugby,http://www.merchantsbankrugby.com/
Peoples Savings Bank (Wellsburg),https://www.bankpsb.com/
Scordia Restaurant Group (BK),https://www.manta.com/
BankStar Financial,https://www.ebankstar.bank/
U.S. Bank - Rapid City (SD),https://locations.usbank.com/
Manhattan Bank,https://www.manhattanbank.com/
Ameriserv Financial Bank,https://www.ameriserv.com/
"UBS Adopt - McCollam, McCollam & Fischer",http://financialservicesinc.ubs.com/
UBS Adopt - Richard V Bertain,https://newspaperarchive.com/
Tremont Credit Union,https://www.tremontcu.org/
Bank of Clarke County,https://www.bankofclarke.bank/
United Fidelity Bank (formerly Fayette County Bank),https://www.fdic.gov/
Heartland State Bank (SD),https://www.hsbsd.com/
UBS Adopt - The Swett Group,http://financialservicesinc.ubs.com/
Islanders Bank,http://www.islandersbank.com/
Farmers & Merchants Bank & Trust,https://www.fmbanktrust.com/
Heritage State Bank (Lamar),https://www.heritagesb.com/
First National Bank of Durango,http://www.fnbdurango.com/
Rush University Medical Center Department of Community Affairs,http://www.rush.edu/
1st United Bank,https://www.firstunitedbank.com/
First Bethany Bank & Trust,https://www.firstbethany.com/
Citizens State Bank (Arlington),https://www.csbarlington.com/
Bank of Lindsay,https://www.bankoflindsay.com/
Corn Growers State Bank,https://www.corngrowersbank.com/
American Exchange,https://www.americanexchange.com/
Champlain National Bank,https://www.champlainbank.com/
Mercy Home for Boys and Girls,https://www.mercyhome.org/
Home Bank & Trust Company,https://homebank-trust.com/
First Bank & Trust Milbank,https://www.bankeasy.com/
Bank of Hartington,https://www.bankofhartington.com/
Sacramento Police Foundation,http://www.sacpolicefoundation.org/
Holbrook Cooperative Bank,https://abingtonbank.com/
"Charton Management, Inc (BK)",http://charton.biz/
Richland State Bank (SD),https://www.richlandstate.org/
First State Bank of Roscoe,http://www.fsbroscoe.com/
Merchants State Bank (SD),http://www.msb-sd.com/
Farmers State Bank (Turton),https://www.fsbturton.com/
Andes State Bank,https://www.andesstatebank.com/
Security First Bank of North Dakota,https://www.securityfirstbank.bank/
First State Bank (Glacier Bancorp),https://www.sec.gov/
Sunrise Bank Dakota,https://www.mysunrisebank.com/
North Cascades Bank (Glacier Bancorp),https://www.northcascadesbank.com/
State Bank of Alcester (Purchased by Premier Bank (IA)),https://www.epremierbank.com/
First National Bank in Pratt,https://www.fnbpratt.com/
F&M Bank Iowa,https://www.fmbankia.com/
Maps Credit Union,https://www.mapscu.com/
First State Bank (Wilmot),http://firststatebanksd.com/
Rivers Edge Bank,https://riversedge.bank/
Campbell County Bank (SD),https://www.campbellcountybank.com/
Farmers Security Bank,https://www.fsbwashburn.bank/
